<keymap version="1" name="gbIdeaWin" parent="Eclipse">
  <action id="ChangeSignature" />
  <action id="ClassNameCompletion">
    <keyboard-shortcut first-keystroke="alt slash" />
  </action>
  <action id="CloseActiveTab" />
  <action id="CloseContent">
    <keyboard-shortcut first-keystroke="ctrl f4" />
    <keyboard-shortcut first-keystroke="ctrl w" />
  </action>
  <action id="CollapseAllRegions">
    <keyboard-shortcut first-keystroke="shift ctrl divide" />
    <keyboard-shortcut first-keystroke="shift alt c" />
  </action>
  <action id="CollapseRegion" />
  <action id="Console.TableResult.EditValueMaximized">
    <keyboard-shortcut first-keystroke="shift enter" />
  </action>
  <action id="EditorStartNewLineBefore">
    <keyboard-shortcut first-keystroke="shift alt enter" />
  </action>
  <action id="ExpandAllRegions">
    <keyboard-shortcut first-keystroke="ctrl multiply" />
    <keyboard-shortcut first-keystroke="shift alt x" />
  </action>
  <action id="Generate">
    <keyboard-shortcut first-keystroke="alt insert" />
    <keyboard-shortcut first-keystroke="shift ctrl n" />
  </action>
  <action id="GotoNextError">
    <keyboard-shortcut first-keystroke="ctrl alt q" />
  </action>
  <action id="HippieCompletion" />
  <action id="ModifyObject" />
  <action id="ParameterInfo">
    <keyboard-shortcut first-keystroke="ctrl alt slash" />
  </action>
  <action id="Run">
    <keyboard-shortcut first-keystroke="shift f10" />
  </action>
</keymap>